<?xml version="1.0" encoding="UTF-8"?><?xml-stylesheet  href="../../theme/xsl/index2html.xslt" type="text/xsl"?><topics title="Settings" compressed="true" FeatureID="-1"><topicref FeatureID="-1" href="CP_HLP_ADMINISTRATIVE_SETTINGS.html" navtitle="Administrative settings"/><topicref FeatureID="-1" href="CP_HLP_DEVICE_MANAGEMENT.html" navtitle="Device management"/><topicref FeatureID="true_109" href="SET_HLP_WLAN_WPA_MAIN.html" navtitle="WPA security settings"/><topicref FeatureID="true_109" href="SET_HLP_WLAN_8021X_MAIN.html" navtitle="802.1x security settings"/><topicref FeatureID="true_109" href="SET_HLP_WLAN_SETTINGS.html" navtitle="WLAN settings"/><topicref FeatureID="true_109" href="SET_HLP_WLAN_ADV_SETTINGS.html" navtitle="WLAN advanced settings"/><topicref FeatureID="true_109" href="SET_HLP_WLAN_EAP_PLUGINS_IAP.html" navtitle="EAP settings"/><topicref FeatureID="true_109" href="SET_HLP_WLAN_EAP_AKA.html" navtitle="EAP-AKA settings"/><topicref FeatureID="true_109" href="SET_HLP_WLAN_EAP_SIM.html" navtitle="EAP-SIM settings"/><topicref FeatureID="true_109" href="SET_HLP_WLAN_EAP_GTC.html" navtitle="EAP-GTC settings"/><topicref FeatureID="true_109" href="SET_HLP_WLAN_EAP_TTLS_TYPES.html" navtitle="EAP-TTLS authent. methods"/><topicref FeatureID="true_109" href="SET_HLP_WLAN_EAP_TTLS_SUITES.html" navtitle="Cipher suites for EAP-TTLS"/><topicref FeatureID="true_109" href="SET_HLP_WLAN_EAP_TTLS_SETT.html" navtitle="EAP-TTLS settings"/><topicref FeatureID="true_109" href="SET_HLP_WLAN_EAP_TLS_SUITES.html" navtitle="Cipher suites for EAP-TLS"/><topicref FeatureID="true_109" href="SET_HLP_WLAN_EAP_TLS_SETT.html" navtitle="EAP-TLS settings"/><topicref FeatureID="true_109" href="SET_HLP_WLAN_EAP_PEAP_TYPES.html" navtitle="EAP-PEAP authent. methods"/><topicref FeatureID="true_109" href="SET_HLP_WLAN_EAP_PEAP_SUITES.html" navtitle="Cipher suites for EAP-PEAP"/><topicref FeatureID="true_109" href="SET_HLP_WLAN_EAP_PEAP_SETT.html" navtitle="EAP-PEAP settings"/><topicref FeatureID="true_109" href="SET_HLP_WLAN_EAP_MSCHAPV2.html" navtitle="EAP-MSCHAPV2 settings"/><topicref FeatureID="true_109" href="SET_HLP_WLAN_EAP_PLAIN_MSCHAP.html" navtitle="Plain MSCHAPV2 settings"/><topicref FeatureID="true_109" href="SET_HLP_WLAN_EAP_LEAP.html" navtitle="EAP-LEAP settings"/><topicref FeatureID="true_1515" href="SET_HLP_WLAN_EAP_FAST_TYPES.html" navtitle="EAP-FAST authent. methods"/><topicref FeatureID="true_1515" href="SET_HLP_WLAN_EAP_FAST_SUITES.html" navtitle="Cipher suites for EAP-FAST"/><topicref FeatureID="true_1515" href="SET_HLP_WLAN_EAP_FAST_SETT.html" navtitle="EAP-FAST settings"/><topicref FeatureID="true_109" href="SET_HLP_WLAN_EAP_PAP.html" navtitle="PAP settings"/><topicref FeatureID="true_109" href="SET_HLP_WLAN_WEP_KEY_SETT.html" navtitle="Edit WEP keys"/><topicref FeatureID="true_109" href="SET_HLP_WLAN_WEP_MAIN.html" navtitle="WEP security settings"/><topicref FeatureID="-1" href="ACL_HLP_MAIN.html" navtitle="Restrict connections"/><topicref FeatureID="-1" href="SET_HLP_CONN_DEST_VIEW.html" navtitle="Destinations view"/><topicref FeatureID="-1" href="SET_HLP_DEFAULT_CONN.html" navtitle="Default connection"/><topicref FeatureID="true_99" href="SET_HLP_VPN_DEST_ASSOC_VIEW.html" navtitle="VPN connections"/><topicref FeatureID="-1" href="SET_HLP_CONN_METHODS_VIEW.html" navtitle="Access points view"/><topicref FeatureID="-1" href="SET_HLP_APP_DEST_ASSOC_VIEW.html" navtitle="Application connections"/><topicref FeatureID="-1" href="CP_HLP_APPILICATION_SETTINGS.html" navtitle="Application settings"/><topicref FeatureID="-1" href="SCP_HLP_CALL.html" navtitle="Call settings"/><topicref FeatureID="-1" href="CP_HLP_CONNECTIVITY.html" navtitle="Connectivity settings"/><topicref FeatureID="-1" href="CP_HLP_DISPLAY.html" navtitle="Display settings"/><topicref FeatureID="-1" href="CP_HLP_DEVICE.html" navtitle="Device settings"/><topicref FeatureID="-1" href="CP_HLP_LANGUAGE.html" navtitle="Language settings"/><topicref FeatureID="-1" href="CP_HLP_MAIN_VIEW.html" navtitle="Settings"/><topicref FeatureID="-1" href="CP_HLP_NETWORK.html" navtitle="Network settings"/><topicref FeatureID="true_410" href="CP_HLP_PEN_INPUT.html" navtitle="Touch input settings"/><topicref FeatureID="-1" href="CP_HLP_PERSONAL.html" navtitle="Personal view"/><topicref FeatureID="-1" href="CP_HLP_SECURITY.html" navtitle="Security settings"/><topicref FeatureID="-1" href="SET_HLP_SECURITY_DEVICE_SIM.html" navtitle="Device security"/><topicref FeatureID="-1" href="CP_HLP_IDLE.html" navtitle="Home screen"/><topicref FeatureID="-1" href="CP_HLP_TELEPHONY.html" navtitle="Telephony settings"/><topicref FeatureID="__DUAL_LANGUAGE_SUPPORT=true" href="CP_HLP_WRITING_LANGUAGE.html" navtitle="Writing language"/><topicref FeatureID="-1" href="DIAGNOSTICS_HLP_MAIN_VIEW.html" navtitle="Perform tests"/><topicref FeatureID="-1" href="DIAGNOSTICS_HLP_CONNECT_VIEW.html" navtitle="Test the connectivity"/><topicref FeatureID="-1" href="DIAGNOSTICS_HLP_COVERAGE_VIEW.html" navtitle="Test the coverage"/><topicref FeatureID="-1" href="DIAGNOSTICS_HLP_HARDWARE_VIEW.html" navtitle="Test the hardware"/><topicref FeatureID="-1" href="DIAGNOSTICS_HLP_SERVICES_VIEW.html" navtitle="Test the services"/><topicref FeatureID="-1" href="ES_HLP_LIGHT_MAIN.html" navtitle="Notification light"/><topicref FeatureID="-1" href="ES_HLP_LIGHT_BLINKING.html" navtitle="Notification light settings"/><topicref FeatureID="-1" href="PREDINPUT_HLP_INPUT.html" navtitle="Intelligent text input"/><topicref FeatureID="-1" href="SET_HLP_ACCESSORIES_LIST.html" navtitle="Accessory settings"/><topicref FeatureID="-1" href="SSET_HLP_MAIN_VIEW.html" navtitle="Sensor settings"/></topics>