<?xml version="1.0" encoding="UTF-8"?>
<keywords>
   <keywords>
      <text FeatureID="-1">device management</text>
      <target FeatureID="-1" href="CP_HLP_DEVICE_MANAGEMENT.html">Device management</target>
   </keywords>
   <keywords>
      <text FeatureID="true_109">EAP (Extensible Authentication Protocol)</text>
      <target FeatureID="true_109" href="SET_HLP_WLAN_EAP_SIM.html">EAP-SIM settings</target>
   </keywords>
   <keywords>
      <text FeatureID="true_109">settings, WLAN</text>
      <target FeatureID="true_109" href="SET_HLP_WLAN_EAP_SIM.html">EAP-SIM settings</target>
   </keywords>
   <keywords>
      <text FeatureID="-1">restricting access points</text>
      <target FeatureID="-1" href="ACL_HLP_MAIN.html">Restrict connections</target>
   </keywords>
   <keywords>
      <text FeatureID="-1">connection settings</text>
      <target FeatureID="-1" href="SET_HLP_CONN_DEST_VIEW.html">Destinations view</target>
      <target FeatureID="-1" href="SET_HLP_DEFAULT_CONN.html">Default connection</target>
      <target FeatureID="-1" href="SET_HLP_CONN_METHODS_VIEW.html">Access points view</target>
      <target FeatureID="true_1537" href="RD_HLP_REMOTE_DRIVE_CONFIG.html">Remote drive settings</target>
      <target FeatureID="true_1537" href="RD_HLP_REMOTE_DRIVES.html">Remote drives</target>
   </keywords>
   <keywords>
      <text FeatureID="-1">destination settings</text>
      <target FeatureID="-1" href="SET_HLP_CONN_DEST_VIEW.html">Destinations view</target>
   </keywords>
   <keywords>
      <text FeatureID="-1">default connection</text>
      <target FeatureID="-1" href="SET_HLP_DEFAULT_CONN.html">Default connection</target>
   </keywords>
   <keywords>
      <text FeatureID="true_99 true_102">VPN access points</text>
      <target FeatureID="true_99" href="SET_HLP_VPN_DEST_ASSOC_VIEW.html">VPN connections</target>
      <target FeatureID="true_102" href="SET_HLP_VPN_AP_SETTINGS_VIEW.html">Edit VPN access points</target>
   </keywords>
   <keywords>
      <text FeatureID="-1">access points</text>
      <target FeatureID="-1" href="SET_HLP_CONN_METHODS_VIEW.html">Access points view</target>
   </keywords>
   <keywords>
      <text FeatureID="-1">application connections</text>
      <target FeatureID="-1" href="SET_HLP_APP_DEST_ASSOC_VIEW.html">Application connections</target>
   </keywords>
   <keywords>
      <text FeatureID="-1">application settings</text>
      <target FeatureID="-1" href="CP_HLP_APPILICATION_SETTINGS.html">Application settings</target>
   </keywords>
   <keywords>
      <text FeatureID="-1">control panel</text>
      <target FeatureID="-1" href="CP_HLP_DISPLAY.html">Display settings</target>
      <target FeatureID="-1" href="CP_HLP_IDLE.html">Home screen</target>
      <target FeatureID="__DUAL_LANGUAGE_SUPPORT=true" href="CP_HLP_WRITING_LANGUAGE.html">Writing language</target>
   </keywords>
   <keywords>
      <text FeatureID="-1">display settings</text>
      <target FeatureID="-1" href="CP_HLP_DISPLAY.html">Display settings</target>
   </keywords>
   <keywords>
      <text FeatureID="-1">general settings</text>
      <target FeatureID="-1" href="CP_HLP_DEVICE.html">Device settings</target>
   </keywords>
   <keywords>
      <text FeatureID="-1">device settings</text>
      <target FeatureID="-1" href="CP_HLP_DEVICE.html">Device settings</target>
   </keywords>
   <keywords>
      <text FeatureID="-1">language settings</text>
      <target FeatureID="-1" href="CP_HLP_LANGUAGE.html">Language settings</target>
   </keywords>
   <keywords>
      <text FeatureID="-1">settings</text>
      <target FeatureID="-1" href="CP_HLP_MAIN_VIEW.html">Settings</target>
   </keywords>
   <keywords>
      <text FeatureID="-1">network settings</text>
      <target FeatureID="-1" href="CP_HLP_NETWORK.html">Network settings</target>
      <target FeatureID="-1" href="CP_HLP_NETWORK.html">Network settings</target>
   </keywords>
   <keywords>
      <text FeatureID="-1">profile</text>
      <target FeatureID="-1" href="CP_HLP_PERSONAL.html">Personal view</target>
   </keywords>
   <keywords>
      <text FeatureID="-1">theme</text>
      <target FeatureID="-1" href="CP_HLP_PERSONAL.html">Personal view</target>
   </keywords>
   <keywords>
      <text FeatureID="-1">standby</text>
      <target FeatureID="-1" href="CP_HLP_PERSONAL.html">Personal view</target>
   </keywords>
   <keywords>
      <text FeatureID="-1">security settings</text>
      <target FeatureID="-1" href="CP_HLP_SECURITY.html">Security settings</target>
   </keywords>
   <keywords>
      <text FeatureID="-1">device locking</text>
      <target FeatureID="-1" href="SET_HLP_SECURITY_DEVICE_SIM.html">Device security</target>
   </keywords>
   <keywords>
      <text FeatureID="-1">device security</text>
      <target FeatureID="-1" href="SET_HLP_SECURITY_DEVICE_SIM.html">Device security</target>
   </keywords>
   <keywords>
      <text FeatureID="-1">home screen settings</text>
      <target FeatureID="-1" href="CP_HLP_IDLE.html">Home screen</target>
   </keywords>
   <keywords>
      <text FeatureID="__DUAL_LANGUAGE_SUPPORT=true">writing language</text>
      <target FeatureID="__DUAL_LANGUAGE_SUPPORT=true" href="CP_HLP_WRITING_LANGUAGE.html">Writing language</target>
   </keywords>
   <keywords>
      <text FeatureID="-1">notification light</text>
      <target FeatureID="-1" href="ES_HLP_LIGHT_MAIN.html">Notification light</target>
   </keywords>
   <keywords>
      <text FeatureID="-1">notification light settings</text>
      <target FeatureID="-1" href="ES_HLP_LIGHT_BLINKING.html">Notification light settings</target>
   </keywords>
   <keywords>
      <text FeatureID="-1">accessory settings</text>
      <target FeatureID="-1" href="SET_HLP_ACCESSORIES_LIST.html">Accessory settings</target>
      <target FeatureID="-1" href="SET_HLP_ACCESSORIES_HEADPHONE.html">Headphone settings</target>
      <target FeatureID="-1" href="SET_HLP_ACCESSORIES_HEADSET.html">Headset settings</target>
      <target FeatureID="-1" href="SET_HLP_ACCESS_WIRED_CK.html">Wired car kit settings</target>
      <target FeatureID="true_1032" href="SET_HLP_ACCESSORIES_TTY.html">Text phone settings</target>
      <target FeatureID="true_1540" href="SET_HLP_ACCESSORIES_TVOUT.html">TV-out settings</target>
   </keywords>
   <keywords>
      <text FeatureID="-1">packet data access point</text>
      <target FeatureID="-1" href="SET_HLP_AP_SETTING_GPRS.html">Packet data access point</target>
   </keywords>
   <keywords>
      <text FeatureID="-1">packet data settings</text>
      <target FeatureID="-1" href="SET_HLP_AP_SETTING_GPRS_AS.html">Adv. packet data sett.</target>
   </keywords>
   <keywords>
      <text FeatureID="-1">packet data access points</text>
      <target FeatureID="-1" href="SET_HLP_AP_SETTING_GPRS_AS.html">Adv. packet data sett.</target>
   </keywords>
   <keywords>
      <text FeatureID="true_1088 true_110">data call access points</text>
      <target FeatureID="true_110" href="SET_HLP_AP_DATA_AS_IPV4.html">Data call IPv4 settings</target>
      <target FeatureID="true_1088" href="SET_HLP_AP_DATA_AS_IPV6.html">Data call IPv6 settings</target>
      <target FeatureID="true_110" href="SET_HLP_AP_SETTING_DATA_AS.html">Adv. data call settings</target>
   </keywords>
   <keywords>
      <text FeatureID="true_110">access point settings</text>
      <target FeatureID="true_110" href="SET_HLP_AP_SETTING_DATA.html">Data call access point</target>
      <target FeatureID="true_110" href="SET_HLP_AP_SETTING_DATA_AS.html">Adv. data call settings</target>
   </keywords>
   <keywords>
      <text FeatureID="true_110">data call settings</text>
      <target FeatureID="true_110" href="SET_HLP_AP_SETTING_DATA.html">Data call access point</target>
   </keywords>
   <keywords>
      <text FeatureID="true_102">virtual private network</text>
      <target FeatureID="true_102" href="SET_HLP_VPN_AP_SETTINGS_VIEW.html">Edit VPN access points</target>
   </keywords>
   <keywords>
      <text FeatureID="-1">keyguard</text>
      <target FeatureID="-1" href="CP_HLP_AUTOKEYGUARD.html">Automatic keyguard</target>
   </keywords>
   <keywords>
      <text FeatureID="true_1537">remote drives</text>
      <target FeatureID="true_1537" href="RD_HLP_REMOTE_DRIVE_CONFIG.html">Remote drive settings</target>
      <target FeatureID="true_1537" href="RD_HLP_REMOTE_DRIVES.html">Remote drives</target>
   </keywords>
   <keywords>
      <text FeatureID="-1">restricting calls</text>
      <target FeatureID="-1" href="SET_HLP_BARRING_SETTINGS.html">Bar phone calls</target>
      <target FeatureID="true_298" href="DIV_HLP_BARRING_MAIN.html">Bar calls</target>
   </keywords>
   <keywords>
      <text FeatureID="-1">call barring</text>
      <target FeatureID="-1" href="SET_HLP_BARRING_SETTINGS.html">Bar phone calls</target>
      <target FeatureID="true_298" href="DIV_HLP_BARRING_MAIN.html">Bar calls</target>
   </keywords>
   <keywords>
      <text FeatureID="-1">barring calls</text>
      <target FeatureID="-1" href="SET_HLP_BARRING_SETTINGS.html">Bar phone calls</target>
      <target FeatureID="true_298" href="DIV_HLP_BARRING_MAIN.html">Bar calls</target>
   </keywords>
   <keywords>
      <text FeatureID="true_89">diverting data calls</text>
      <target FeatureID="true_89" href="DIV_HLP_CALL_FORW_DAT.html">Divert data/video calls</target>
   </keywords>
   <keywords>
      <text FeatureID="true_89">diverting video calls</text>
      <target FeatureID="true_89" href="DIV_HLP_CALL_FORW_DAT.html">Divert data/video calls</target>
   </keywords>
   <keywords>
      <text FeatureID="-1">diverting calls</text>
      <target FeatureID="-1" href="DIV_HLP_CALL_FORW_MAIN.html">Call divert</target>
      <target FeatureID="-1" href="DIV_HLP_CALL_FORW_VOI.html">Divert voice calls</target>
   </keywords>
   <keywords>
      <text FeatureID="-1">forwarding calls</text>
      <target FeatureID="-1" href="DIV_HLP_CALL_FORW_MAIN.html">Call divert</target>
      <target FeatureID="-1" href="DIV_HLP_CALL_FORW_VOI.html">Divert voice calls</target>
   </keywords>
   <keywords>
      <text FeatureID="-1">call divert</text>
      <target FeatureID="-1" href="DIV_HLP_CALL_FORW_VOI.html">Divert voice calls</target>
   </keywords>
   <keywords>
      <text FeatureID="-1">synchronisation settings</text>
      <target FeatureID="-1" href="CP_HLP_SYNCHRONISATION.html">Synchronisation settings</target>
   </keywords>
   <keywords>
      <text FeatureID="-1">installing applications</text>
      <target FeatureID="-1" href="CP_HLP_INSTALLATIONS.html">Installations</target>
   </keywords>
   <keywords>
      <text FeatureID="-1">headphone settings</text>
      <target FeatureID="-1" href="SET_HLP_ACCESSORIES_HEADPHONE.html">Headphone settings</target>
   </keywords>
   <keywords>
      <text FeatureID="-1">headset settings</text>
      <target FeatureID="-1" href="SET_HLP_ACCESSORIES_HEADSET.html">Headset settings</target>
   </keywords>
   <keywords>
      <text FeatureID="-1">wired car kit settings</text>
      <target FeatureID="-1" href="SET_HLP_ACCESS_WIRED_CK.html">Wired car kit settings</target>
   </keywords>
   <keywords>
      <text FeatureID="-1">car kit settings</text>
      <target FeatureID="-1" href="SET_HLP_ACCESS_WIRED_CK.html">Wired car kit settings</target>
   </keywords>
   <keywords>
      <text FeatureID="-1">music stand settings</text>
      <target FeatureID="-1" href="SET_HLP_ACCESSORIES_MUSIC_ST.html">Music stand settings</target>
   </keywords>
   <keywords>
      <text FeatureID="true_1032">TTY settings</text>
      <target FeatureID="true_1032" href="SET_HLP_ACCESSORIES_TTY.html">Text phone settings</target>
   </keywords>
   <keywords>
      <text FeatureID="true_1032">TDD settings</text>
      <target FeatureID="true_1032" href="SET_HLP_ACCESSORIES_TTY.html">Text phone settings</target>
   </keywords>
   <keywords>
      <text FeatureID="true_1540">tv-out settings</text>
      <target FeatureID="true_1540" href="SET_HLP_ACCESSORIES_TVOUT.html">TV-out settings</target>
   </keywords>
   <keywords>
      <text FeatureID="-1">intelligent text input</text>
      <target FeatureID="-1" href="PREDINPUT_HLP_INPUT.html">Intelligent text input</target>
   </keywords>
   <keywords>
      <text FeatureID="false_410">text input</text>
      <target FeatureID="false_410" href="PREDINPUT_HLP_INPUT_SETTINGS.html">Input settings</target>
   </keywords>
</keywords>