<?xml version="1.0" encoding="UTF-8"?><keywords><keywords><text FeatureID="-1">device management</text><target FeatureID="-1" href="CP_HLP_DEVICE_MANAGEMENT.html">Device management</target></keywords><keywords><text FeatureID="-1">restricting access points</text><target FeatureID="-1" href="ACL_HLP_MAIN.html">Restrict connections</target></keywords><keywords><text FeatureID="-1">connection settings</text><target FeatureID="-1" href="SET_HLP_CONN_DEST_VIEW.html">Destinations view</target><target FeatureID="-1" href="SET_HLP_DEFAULT_CONN.html">Default connection</target><target FeatureID="-1" href="SET_HLP_CONN_METHODS_VIEW.html">Access points view</target></keywords><keywords><text FeatureID="-1">destination settings</text><target FeatureID="-1" href="SET_HLP_CONN_DEST_VIEW.html">Destinations view</target></keywords><keywords><text FeatureID="-1">default connection</text><target FeatureID="-1" href="SET_HLP_DEFAULT_CONN.html">Default connection</target></keywords><keywords><text FeatureID="true_99">VPN access points</text><target FeatureID="true_99" href="SET_HLP_VPN_DEST_ASSOC_VIEW.html">VPN connections</target></keywords><keywords><text FeatureID="-1">access points</text><target FeatureID="-1" href="SET_HLP_CONN_METHODS_VIEW.html">Access points view</target></keywords><keywords><text FeatureID="-1">application connections</text><target FeatureID="-1" href="SET_HLP_APP_DEST_ASSOC_VIEW.html">Application connections</target></keywords><keywords><text FeatureID="-1">application settings</text><target FeatureID="-1" href="CP_HLP_APPILICATION_SETTINGS.html">Application settings</target></keywords><keywords><text FeatureID="-1">control panel</text><target FeatureID="-1" href="CP_HLP_DISPLAY.html">Display settings</target><target FeatureID="-1" href="CP_HLP_IDLE.html">Home screen</target><target FeatureID="__DUAL_LANGUAGE_SUPPORT=true" href="CP_HLP_WRITING_LANGUAGE.html">Writing language</target></keywords><keywords><text FeatureID="-1">display settings</text><target FeatureID="-1" href="CP_HLP_DISPLAY.html">Display settings</target></keywords><keywords><text FeatureID="-1">general settings</text><target FeatureID="-1" href="CP_HLP_DEVICE.html">Device settings</target></keywords><keywords><text FeatureID="-1">device settings</text><target FeatureID="-1" href="CP_HLP_DEVICE.html">Device settings</target></keywords><keywords><text FeatureID="-1">language settings</text><target FeatureID="-1" href="CP_HLP_LANGUAGE.html">Language settings</target></keywords><keywords><text FeatureID="-1">settings</text><target FeatureID="-1" href="CP_HLP_MAIN_VIEW.html">Settings</target></keywords><keywords><text FeatureID="-1">network settings</text><target FeatureID="-1" href="CP_HLP_NETWORK.html">Network settings</target></keywords><keywords><text FeatureID="-1">profile</text><target FeatureID="-1" href="CP_HLP_PERSONAL.html">Personal view</target></keywords><keywords><text FeatureID="-1">theme</text><target FeatureID="-1" href="CP_HLP_PERSONAL.html">Personal view</target></keywords><keywords><text FeatureID="-1">standby</text><target FeatureID="-1" href="CP_HLP_PERSONAL.html">Personal view</target></keywords><keywords><text FeatureID="-1">security settings</text><target FeatureID="-1" href="CP_HLP_SECURITY.html">Security settings</target></keywords><keywords><text FeatureID="-1">device locking</text><target FeatureID="-1" href="SET_HLP_SECURITY_DEVICE_SIM.html">Device security</target></keywords><keywords><text FeatureID="-1">device security</text><target FeatureID="-1" href="SET_HLP_SECURITY_DEVICE_SIM.html">Device security</target></keywords><keywords><text FeatureID="-1">home screen settings</text><target FeatureID="-1" href="CP_HLP_IDLE.html">Home screen</target></keywords><keywords><text FeatureID="__DUAL_LANGUAGE_SUPPORT=true">writing language</text><target FeatureID="__DUAL_LANGUAGE_SUPPORT=true" href="CP_HLP_WRITING_LANGUAGE.html">Writing language</target></keywords><keywords><text FeatureID="-1">tests</text><target FeatureID="-1" href="DIAGNOSTICS_HLP_MAIN_VIEW.html">Perform tests</target></keywords><keywords><text FeatureID="-1">connectivity tests</text><target FeatureID="-1" href="DIAGNOSTICS_HLP_CONNECT_VIEW.html">Test the connectivity</target></keywords><keywords><text FeatureID="-1">coverage tests</text><target FeatureID="-1" href="DIAGNOSTICS_HLP_COVERAGE_VIEW.html">Test the coverage</target></keywords><keywords><text FeatureID="-1">hardware tests</text><target FeatureID="-1" href="DIAGNOSTICS_HLP_HARDWARE_VIEW.html">Test the hardware</target></keywords><keywords><text FeatureID="-1">service tests</text><target FeatureID="-1" href="DIAGNOSTICS_HLP_SERVICES_VIEW.html">Test the services</target></keywords><keywords><text FeatureID="-1">notification light</text><target FeatureID="-1" href="ES_HLP_LIGHT_MAIN.html">Notification light</target></keywords><keywords><text FeatureID="-1">notification light settings</text><target FeatureID="-1" href="ES_HLP_LIGHT_BLINKING.html">Notification light settings</target></keywords><keywords><text FeatureID="-1">intelligent text input</text><target FeatureID="-1" href="PREDINPUT_HLP_INPUT.html">Intelligent text input</target></keywords><keywords><text FeatureID="-1">accessory settings</text><target FeatureID="-1" href="SET_HLP_ACCESSORIES_LIST.html">Accessory settings</target></keywords></keywords>